<?xml version="1.0" encoding="UTF-8" ?>
<rss version="2.0">

    <channel>
        <title>اندیشه های خام</title>
        <link>http://asdf.ir</link>
        <description>اندیشه های خام به قلم حمزه جوادی شکرو. یک برنامه نویس از شیراز</description>
        <lastBuildDate>Thu, 09 Feb 2023 13:33:48 +0330</lastBuildDate>
        
        <item>
            <title>معرفی چند پادکست مفید</title>
            <link>
                http://asdf.ir/%D8%B9%D9%85%D9%88%D9%85%DB%8C/Some-Good-Podcasts.html
            </link>
            <description>
                &lt;p&gt;پادکست یکی از رسانه هایی هست که می تونه خیلی مفید باشه.
 فقط کافیه نمونه های زیر رو ببینید تا متوجه بشید که چه ظرفیتی توی پادکست وجود داره
  و چه نمونه های موفق و جالبی پیدا میشه.&lt;/p&gt;

&lt;ul&gt;
  &lt;li&gt;
    &lt;p&gt;ChannelB&lt;br /&gt;
در هر قسمت پادکست فارسی &lt;strong&gt;چنل بی&lt;/strong&gt; گزارش یک ماجرای واقعی به نقل از یک رسانه ی انگلیسی زبان برای مخاطبان تعریف میشو...
            </description>
            <pubDate>Fri, 06 Jan 2023 00:00:00 +0330</pubDate>
            <guid>
                http://asdf.ir/%D8%B9%D9%85%D9%88%D9%85%DB%8C/Some-Good-Podcasts.html
            </guid>
        </item>
        
        <item>
            <title>کتابهایی که در سال 1400 خوانده ام</title>
            <link>
                http://asdf.ir/%D8%B9%D9%85%D9%88%D9%85%DB%8C/book-list-1400.html
            </link>
            <description>
                &lt;p&gt;چند سالی است که مطالعه کتاب رو به صورت منظم پیش میبرم. امسال هم کتابهای خوبی روزیم شد که اونا رو به قرار زیر هستند.&lt;/p&gt;

&lt;p&gt;1-  &lt;strong&gt;محمد پیغمبری که از نو باید شناخت :&lt;/strong&gt; &lt;em&gt;کنستان ویرژیل جورجیو&lt;/em&gt; &lt;br /&gt;
2- &lt;strong&gt;اثر مرکب :&lt;/strong&gt;  &lt;em&gt;دارن هاردی&lt;/em&gt; &lt;br /&gt;
3- &lt;strong&gt;دولانته در جستجوی کریسو...
            </description>
            <pubDate>Thu, 03 Mar 2022 00:00:00 +0330</pubDate>
            <guid>
                http://asdf.ir/%D8%B9%D9%85%D9%88%D9%85%DB%8C/book-list-1400.html
            </guid>
        </item>
        
        <item>
            <title>برنامه نویسی دورکاری</title>
            <link>
                http://asdf.ir/%D9%81%D9%86%DB%8C/FreeLancing.html
            </link>
            <description>
                &lt;p&gt;مدتیه که به این فکر افتادم که چه طور میشه در آمد دلاری از برنامه نویسی داشت. &lt;br /&gt;
برای بررسی دقیق و موشکافانه ی این موضوع عناوین زیر به نظر میرسد که در موردشون بحث میکنیم.&lt;/p&gt;

&lt;ul&gt;
  &lt;li&gt;یک : لزوم  موضوع و اساسا اینکه چه نیازی به این کار هست؟&lt;/li&gt;
  &lt;li&gt;دو : امکان پذیر بودن. یعنی اینکه چطور میشه یه برنامه نویس تو ایران با اون شرایط تحریمی
بتونه با...
            </description>
            <pubDate>Fri, 18 Feb 2022 00:00:00 +0330</pubDate>
            <guid>
                http://asdf.ir/%D9%81%D9%86%DB%8C/FreeLancing.html
            </guid>
        </item>
        
        <item>
            <title>کتابهایی که در سال 98 خوانده ام</title>
            <link>
                http://asdf.ir/%D8%B9%D9%85%D9%88%D9%85%DB%8C/book-list-1398.html
            </link>
            <description>
                &lt;p&gt;بیشتر وبلاگ هایی را که دنبال می کنم - مثل &lt;a href=&quot;http://foad-ansari.ir&quot;&gt;این&lt;/a&gt; - لیست کتابهایی رو که خوندن به طور سالیانه با یه معرفی کوتاه منتشر می کنن. خیلی بعیده که بشه این کارها رو رو حساب فخر فروشی و ژست کتاب خون گرفتن بزاریم. چون به نظر من خوندن کتاب نشانه ای از بالا بودن فرهنگ یا هر چیز دیگه ای که بشه بهش افتخار کرد نیست. درسته که آدم با خوندن کتاب از هد...
            </description>
            <pubDate>Sat, 14 Mar 2020 00:00:00 +0330</pubDate>
            <guid>
                http://asdf.ir/%D8%B9%D9%85%D9%88%D9%85%DB%8C/book-list-1398.html
            </guid>
        </item>
        
        <item>
            <title>آنچه زیباست و ناراحتمان میکند</title>
            <link>
                http://asdf.ir/%D8%B9%D9%85%D9%88%D9%85%DB%8C/beautiful.html
            </link>
            <description>
                &lt;blockquote&gt;
  &lt;p&gt;زیبایی چیزی نیست که در عالم بیرون به دنبال آن باشیم، بلکه حسی است که باید از درون زاده شود.&lt;/p&gt;
&lt;/blockquote&gt;

&lt;p&gt;روزی در حیاط ساختمانی دو کودک یک بازی دوست داشتنی می کردند. آنها از خودشان زبانی ویژه ساخته بودند که با آن میتوانستند با هم حرف بزنند، بدون اینکه دیگران حتی یک واژه از آن را بدانند.&lt;/p&gt;

&lt;p&gt;یکی گفت: بریف، براف! &lt;br /&gt;...
            </description>
            <pubDate>Mon, 17 Jun 2019 00:00:00 +0330</pubDate>
            <guid>
                http://asdf.ir/%D8%B9%D9%85%D9%88%D9%85%DB%8C/beautiful.html
            </guid>
        </item>
        
        <item>
            <title>تاریخ شمسی در جکیل</title>
            <link>
                http://asdf.ir/%D9%81%D9%86%DB%8C/go-to-_site.html
            </link>
            <description>
                &lt;p&gt;وقتی از پلاگین jalalidate در جکیل استفاده می کنید و هم زمان می خواید کل وب سایت یا وبلاگتون رو روی گیت هاب قرار بدید. یه مشکل پیدا میشه. منظورم از کل سایت یا وبلاگ همون پوشه ها , فایلهای مربوط به جکیل  مثل Gemfile, _post, _config.yml و … هست که به سرور گیت هاب ارسال می کنید. تو این حالت عملیات build که تبدیل کدهای و نوشته های جکیل به فایلهای استاتیک هست رو سرور گیت انجام میده. مشکلی که...
            </description>
            <pubDate>Sun, 16 Jun 2019 00:00:00 +0330</pubDate>
            <guid>
                http://asdf.ir/%D9%81%D9%86%DB%8C/go-to-_site.html
            </guid>
        </item>
        
        <item>
            <title>راه اندازی وبلاگ با جکیل</title>
            <link>
                http://asdf.ir/%D9%81%D9%86%DB%8C/weblog-with-jekyll.html
            </link>
            <description>
                &lt;p&gt;پیشتر در دوره ی اوج وبلاگها، وبلاگ  &lt;a href=&quot;http://majnoon362.blogfa.com&quot;&gt;و اما بعد …!&lt;/a&gt; رو درست کرده بودم که اونجا دلنوشته هایی رو می نوشتم. به مرور زمان و با تغییر و به روز شدن تکنولوژیها و سرویس های ارائه دهنده ی وبلاگ، تصمیم گرفتم وبلاگهای جدیدی که دوست دارم راه بندازم رو توی سرویس بلاگ دات آی آر (کاری از شرکت بیان) درست کنم. یک وب لاگ به نام &lt;a href=&qu...
            </description>
            <pubDate>Mon, 04 Feb 2019 00:00:00 +0330</pubDate>
            <guid>
                http://asdf.ir/%D9%81%D9%86%DB%8C/weblog-with-jekyll.html
            </guid>
        </item>
        
    </channel>
</rss>